Character,Unicode,Type,StrokeCount,Radical,CurrentIDS,Structure,Semantic,Phonetic,Notes
丈,U+4E08,han,3,一,,,,,
久,U+4E45,han,3,丿,,,,,
也,U+4E5F,han,3,乙,,,,,
于,U+4E8E,han,3,二,,,,,
及,U+53CA,han,3,又,,,,,
口,U+53E3,han,3,口,,,,,
女,U+5973,han,3,女,,,,,
子,U+5B50,han,3,子,,,,,
孑,U+5B51,han,3,子,,,,,
寸,U+5BF8,han,3,寸,,,,,
小,U+5C0F,han,3,小,,,,,
山,U+5C71,han,3,山,,,,,
川,U+5DDD,han,3,巛,,,,,
工,U+5DE5,han,3,工,,,,,
己,U+5DF1,han,3,己,,,,,
已,U+5DF2,han,3,己,,,,,
巳,U+5DF3,han,3,己,,,,,
巾,U+5DFE,han,3,巾,,,,,
干,U+5E72,han,3,干,,,,,
弓,U+5F13,han,3,弓,,,,,
才,U+624D,han,3,手,,,,,
丐,U+4E10,han,4,一,,,,,
丑,U+4E11,han,4,一,,,,,
丹,U+4E39,han,4,丶,,,,,
井,U+4E95,han,4,二,,,,,
以,U+4EE5,han,4,人,,,,,
円,U+5186,han,4,冂,,,,,
冘,U+5198,han,4,冖,,,,,
卍,U+534D,han,4,十,,,,,
卐,U+5350,han,4,十,,,,,
卝,U+535D,han,4,卜,,,,,
尺,U+5C3A,han,4,尸,,,,,
巨,U+5DE8,han,4,工,,,,,
巴,U+5DF4,han,4,己,,,,,
廿,U+5EFF,han,4,廾,,,,,
心,U+5FC3,han,4,心,,,,,
手,U+624B,han,4,手,,,,,
斗,U+6597,han,4,斗,,,,,
旡,U+65E1,han,4,无,,,,,
日,U+65E5,han,4,日,,,,,
曰,U+66F0,han,4,曰,,,,,
月,U+6708,han,4,月,,,,,
木,U+6728,han,4,木,,,,,
欠,U+6B20,han,4,欠,,,,,
止,U+6B62,han,4,止,,,,,
毋,U+6BCB,han,4,毋,,,,,
毌,U+6BCC,han,4,毋,,,,,
比,U+6BD4,han,4,比,,,,,
氏,U+6C0F,han,4,氏,,,,,
片,U+7247,han,4,片,,,,,
牙,U+7259,han,4,牙,,,,,
牛,U+725B,han,4,牛,,,,,
犬,U+72AC,han,4,犬,,,,,
瓦,U+74E6,han,4,瓦,,,,,
㠯,U+382F,han,5,己,,,,,
𠀍,U+2000D,han,5,一,,,,,
且,U+4E14,han,5,一,,,,,
世,U+4E16,han,5,一,,,,,
丘,U+4E18,han,5,一,,,,,
乍,U+4E4D,han,5,丿,,,,,
乎,U+4E4E,han,5,丿,,,,,
冉,U+5189,han,5,冂,,,,,
凸,U+51F8,han,5,凵,,,,,
凹,U+51F9,han,5,凵,,,,,
史,U+53F2,han,5,口,,,,,
央,U+592E,han,5,大,,,,,
戊,U+620A,han,5,戈,,,,,
未,U+672A,han,5,木,,,,,
末,U+672B,han,5,木,,,,,
本,U+672C,han,5,木,,,,,
母,U+6BCD,han,5,毋,,,,,
民,U+6C11,han,5,氏,,,,,
永,U+6C38,han,5,水,,,,,
瓜,U+74DC,han,5,瓜,,,,,
甘,U+7518,han,5,甘,,,,,
生,U+751F,han,5,生,,,,,
田,U+7530,han,5,田,,,,,
由,U+7531,han,5,田,,,,,
甲,U+7532,han,5,田,,,,,
申,U+7533,han,5,田,,,,,
白,U+767D,han,5,白,,,,,
皮,U+76AE,han,5,皮,,,,,
目,U+76EE,han,5,目,,,,,
示,U+793A,han,5,示,,,,,
󰔶,U+F0536,han,6,十,,,,,
乑,U+4E51,han,6,丿,,,,,
兆,U+5146,han,6,儿,,,,,
州,U+5DDE,han,6,巛,,,,,
年,U+5E74,han,6,干,,,,,
曲,U+66F2,han,6,曰,,,,,
曳,U+66F3,han,6,曰,,,,,
朱,U+6731,han,6,木,,,,,
朿,U+673F,han,6,木,,,,,
米,U+7C73,han,6,米,,,,,
耳,U+8033,han,6,耳,,,,,
肉,U+8089,han,6,肉,,,,,
臣,U+81E3,han,6,臣,,,,,
自,U+81EA,han,6,自,,,,,
臼,U+81FC,han,6,臼,,,,,
舟,U+821F,han,6,舟,,,,,
艮,U+826E,han,6,艮,,,,,
虫,U+866B,han,6,虫,,,,,
𰨛,U+30A1B,han,7,禾,,,,,
丣,U+4E23,han,7,酉,,,,,
我,U+6211,han,7,戈,,,,,
束,U+675F,han,7,木,,,,,
来,U+6765,han,7,木,,,,,
角,U+89D2,han,7,角,,,,,
言,U+8A00,han,7,言,,,,,
谷,U+8C37,han,7,谷,,,,,
豆,U+8C46,han,7,豆,,,,,
身,U+8EAB,han,7,身,,,,,
車,U+8ECA,han,7,車,,,,,
酉,U+9149,han,7,酉,,,,,
󰦄,U+F0984,han,8,文,,,,,
事,U+4E8B,han,8,亅,,,,,
戼,U+623C,han,8,戶,,,,,
承,U+627F,han,8,手,,,,,
東,U+6771,han,8,木,,,,,
疌,U+758C,han,8,疋,,,,,
非,U+975E,han,8,非,,,,,
乗,U+4E57,han,9,丿,,,,,
柬,U+67EC,han,9,木,,,,,
為,U+70BA,han,9,火,,,,,
禹,U+79B9,han,9,禸,,,,,
禺,U+79BA,han,9,禸,,,,,
重,U+91CD,han,9,里,,,,,
革,U+9769,han,9,革,,,,,
頁,U+9801,han,9,頁,,,,,
飛,U+98DB,han,9,飛,,,,,
𰤷,U+30937,han,10,皿,,,,,
𱝅,U+31745,han,10,广,,,,,
𠁁,U+20041,han,11,一,,,,,
𰜈,U+30708,han,11,水,,,,,
𱹮,U+31E6E,han,11,糸,,,,,
粛,U+7C9B,han,11,米,,,,,
爲,U+7232,han,12,爪,,,,,
𱀪,U+3102A,han,13,阜,,,,,
肅,U+8085,han,13,聿,,,,,
熏,U+718F,han,14,火,,,,,
龜,U+9F9C,han,16,龜,,,,,
𲄀,U+32100,han,17,足,,,,,
󰡳,U+F0873,han,18,鬼,,,,,
𲎭,U+323AD,han,19,竜,,,,,
㔾,U+353E,nom,3,卩,,,,,
𠂎,U+2008E,nom,3,丿,,,,,
𠃓,U+200D3,nom,3,乚,,,,,
𪜀,U+2A700,nom,3,一,,,,,
𱍸,U+31378,nom,3,丿,,,,,
⺌,U+2E8C,nom,3,,,,,,
丬,U+4E2C,nom,3,丨,,,,,
乡,U+4E61,nom,3,乡,,,,,
孒,U+5B52,nom,3,子,,,,,
忄,U+5FC4,nom,3,心,,,,,
扌,U+624C,nom,3,手,,,,,
氵,U+6C35,nom,3,水,,,,,
犭,U+72AD,nom,3,犬,,,,,
纟,U+7E9F,nom,3,糸,,,,,
辶,U+8FB6,nom,3,辵,,,,,
门,U+95E8,nom,3,门,,,,,
饣,U+9963,nom,3,食,,,,,
㸦,U+3E26,nom,4,㸦,,,,,
𠂒,U+20092,nom,4,,,,,,
𤣩,U+248E9,nom,4,,,,,,
𧘇,U+27607,nom,4,衣,,,,,
𫜵,U+2B735,nom,4,丿,,,,,
𰁡,U+30061,nom,4,人,,,,,
𱐩,U+31429,nom,4,力,,,,,
⺩,U+2EA9,nom,4,,,,,,
专,U+4E13,nom,4,二,,,,,
为,U+4E3A,nom,4,力,,,,,
书,U+4E66,nom,4,乚,,,,,
灬,U+706C,nom,4,火,,,,,
牜,U+725C,nom,4,牜,,,,,
耂,U+8002,nom,4,老,,,,,
见,U+89C1,nom,4,见,,,,,
贝,U+8D1D,nom,4,贝,,,,,
车,U+8F66,nom,4,车,,,,,
长,U+957F,nom,4,长,,,,,
韦,U+97E6,nom,4,韦,,,,,
𤴔,U+24D14,nom,5,疋,,,,,
𱍺,U+3137A,nom,5,人,,,,,
𱎜,U+3139C,nom,5,人,,,,,
󰁑,U+F0051,nom,5,刀,,,,,
󰁴,U+F0074,nom,5,又,,,,,
󰇤,U+F01E4,nom,5,手,,,,,
󱇌,U+F11CC,nom,5,人,,,,,
󱊀,U+F1280,nom,5,又,,,,,
东,U+4E1C,nom,5,一,,,,,
乐,U+4E50,nom,5,丿,,,,,
发,U+53D1,nom,5,又,,,,,
头,U+5934,nom,5,大,,,,,
礻,U+793B,nom,5,示,,,,,
衤,U+8864,nom,5,衣,,,,,
钅,U+9485,nom,5,金,,,,,
𠁦,U+20066,nom,6,丨,,,,,
𥫗,U+25AD7,nom,6,竹,,,,,
𰒼,U+304BC,nom,6,一,,,,,
𱎃,U+31383,nom,6,乚,,,,,
𱎢,U+313A2,nom,6,人,,,,,
𱐁,U+31401,nom,6,冫,,,,,
𱙄,U+31644,nom,6,女,,,,,
𱚃,U+31683,nom,6,一,,,,,
𱜢,U+31722,nom,6,巾,,,,,
𱞁,U+31781,nom,6,心,,,,,
𱟩,U+317E9,nom,6,手,,,,,
󰀀,U+F0000,nom,6,一,,,,,
󰀁,U+F0001,nom,6,一,,,,,
󰁂,U+F0042,nom,6,冖,,,,,
󰁆,U+F0046,nom,6,冫,,,,,
󰁈,U+F0048,nom,6,冫,,,,,
󰁒,U+F0052,nom,6,刀,,,,,
󰅨,U+F0168,nom,6,工,,,,,
󰆘,U+F0198,nom,6,彳,,,,,
󰆠,U+F01A0,nom,6,心,,,,,
󰇜,U+F01DC,nom,6,戈,,,,,
󰉖,U+F0256,nom,6,日,,,,,
󰉼,U+F027C,nom,6,曰,,,,,
󰓌,U+F04CC,nom,6,艮,,,,,
⺮,U+2EAE,nom,6,,,,,,
⺶,U+2EB6,nom,6,,,,,,
页,U+9875,nom,6,页,,,,,
𰋝,U+302DD,nom,7,大,,,,,
𰝺,U+3077A,nom,7,火,,,,,
𱐫,U+3142B,nom,7,力,,,,,
𱐬,U+3142C,nom,7,力,,,,,
𱐭,U+3142D,nom,7,力,,,,,
𱒇,U+31487,nom,7,口,,,,,
𱒊,U+3148A,nom,7,口,,,,,
𱙸,U+31678,nom,7,子,,,,,
𱝮,U+3176E,nom,7,彳,,,,,
𱥯,U+3196F,nom,7,水,,,,,
𱥶,U+31976,nom,7,水,,,,,
𱥸,U+31978,nom,7,水,,,,,
𱪤,U+31AA4,nom,7,火,,,,,
󰀄,U+F0004,nom,7,一,,,,,
󰁢,U+F0062,nom,7,工,,,,,
󰁺,U+F007A,nom,7,口,,,,,
󰁻,U+F007B,nom,7,口,,,,,
󰄨,U+F0128,nom,7,女,,,,,
󰅘,U+F0158,nom,7,屮,,,,,
󰅩,U+F0169,nom,7,丨,,,,,
󰅲,U+F0172,nom,7,己,,,,,
󰆡,U+F01A1,nom,7,心,,,,,
󰆧,U+F01A7,nom,7,心,,,,,
󰉊,U+F024A,nom,7,攵,,,,,
󰉗,U+F0257,nom,7,日,,,,,
󰉘,U+F0258,nom,7,日,,,,,
󰊇,U+F0287,nom,7,木,,,,,
󰌊,U+F030A,nom,7,火,,,,,
󰌸,U+F0338,nom,7,片,,,,,
󰌽,U+F033D,nom,7,牜,,,,,
󰍥,U+F0365,nom,7,瓦,,,,,
󰓔,U+F04D4,nom,7,艹,,,,,
󰘊,U+F060A,nom,7,邑,,,,,
󰤴,U+F0934,nom,7,羊,,,,,
󱈝,U+F121D,nom,7,冫,,,,,
亊,U+4E8A,nom,7,,,,,,
亜,U+4E9C,nom,7,,,,,,
訁,U+8A01,nom,7,言,,,,,
豸,U+8C78,nom,7,豸,,,,,
𰭂,U+30B42,nom,8,缶,,,,,
𰮒,U+30B92,nom,8,肉,,,,,
𱐍,U+3140D,nom,8,凵,,,,,
𱐙,U+31419,nom,8,刀,,,,,
𱖗,U+31597,nom,8,土,,,,,
𱞋,U+3178B,nom,8,心,,,,,
𱣃,U+318C3,nom,8,木,,,,,
𱭎,U+31B4E,nom,8,爿,,,,,
𱱊,U+31C4A,nom,8,疒,,,,,
𱱻,U+31C7B,nom,8,白,,,,,
𱺵,U+31EB5,nom,8,网,,,,,
𱻊,U+31ECA,nom,8,羊,,,,,
𱽐,U+31F50,nom,8,艹,,,,,
󰀉,U+F0009,nom,8,口,,,,,
󰀐,U+F0010,nom,8,丿,,,,,
󰁤,U+F0064,nom,8,力,,,,,
󰁥,U+F0065,nom,8,力,,,,,
󰁽,U+F007D,nom,8,口,,,,,
󰁾,U+F007E,nom,8,口,,,,,
󰃹,U+F00F9,nom,8,土,,,,,
󰅂,U+F0142,nom,8,小,,,,,
󰅃,U+F0143,nom,8,小,,,,,
󰆊,U+F018A,nom,8,广,,,,,
󰆤,U+F01A4,nom,8,心,,,,,
󰆥,U+F01A5,nom,8,心,,,,,
󰆦,U+F01A6,nom,8,心,,,,,
󰇢,U+F01E2,nom,8,户,,,,,
󰇦,U+F01E6,nom,8,手,,,,,
󰇪,U+F01EA,nom,8,手,,,,,
󰇫,U+F01EB,nom,8,手,,,,,
󰉙,U+F0259,nom,8,日,,,,,
󰉚,U+F025A,nom,8,日,,,,,
󰋁,U+F02C1,nom,8,毛,,,,,
󰋂,U+F02C2,nom,8,毛,,,,,
󰋋,U+F02CB,nom,8,水,,,,,
󰍃,U+F0343,nom,8,犬,,,,,
󰍦,U+F0366,nom,8,瓦,,,,,
󰍱,U+F0371,nom,8,甘,,,,,
󰎞,U+F039E,nom,8,目,,,,,
󰎼,U+F03BC,nom,8,矢,,,,,
󰎽,U+F03BD,nom,8,矢,,,,,
󰒞,U+F049E,nom,8,肉,,,,,
󰓓,U+F04D3,nom,8,艹,,,,,
󰓖,U+F04D6,nom,8,艹,,,,,
󰓛,U+F04DB,nom,8,艹,,,,,
󰖠,U+F05A0,nom,8,辵,,,,,
󰘋,U+F060B,nom,8,阜,,,,,
󰻛,U+F0EDB,nom,8,示,,,,,
󱉜,U+F125C,nom,8,勹,,,,,
卑,U+FA35,nom,8,,,,,,
肃,U+8083,nom,8,肀,,,,,
釒,U+91D2,nom,8,金,,,,,
齿,U+9F7F,nom,8,齿,,,,,
𰛺,U+306FA,nom,9,水,,,,,
𰦫,U+309AB,nom,9,石,,,,,
𱐎,U+3140E,nom,9,凵,,,,,
𱒚,U+3149A,nom,9,口,,,,,
𱒡,U+314A1,nom,9,口,,,,,
𱒢,U+314A2,nom,9,口,,,,,
𱒥,U+314A5,nom,9,口,,,,,
𱖝,U+3159D,nom,9,土,,,,,
𱚹,U+316B9,nom,9,尸,,,,,
𱞉,U+31789,nom,9,心,,,,,
𱪳,U+31AB3,nom,9,火,,,,,
𱪵,U+31AB5,nom,9,火,,,,,
𱪹,U+31AB9,nom,9,火,,,,,
𱽗,U+31F57,nom,9,艸,,,,,
𱽜,U+31F5C,nom,9,艹,,,,,
󰀅,U+F0005,nom,9,一,,,,,
󰀖,U+F0016,nom,9,二,,,,,
󰀚,U+F001A,nom,9,二,,,,,
󰀧,U+F0027,nom,9,人,,,,,
󰁦,U+F0066,nom,9,力,,,,,
󰂁,U+F0081,nom,9,口,,,,,
󰂂,U+F0082,nom,9,口,,,,,
󰂆,U+F0086,nom,9,口,,,,,
󰃺,U+F00FA,nom,9,土,,,,,
󰄛,U+F011B,nom,9,夕,,,,,
󰄠,U+F0120,nom,9,大,,,,,
󰅒,U+F0152,nom,9,人,,,,,
󰅫,U+F016B,nom,9,工,,,,,
󰅻,U+F017B,nom,9,巾,,,,,
󰆇,U+F0187,nom,9,乡,,,,,
󰆢,U+F01A2,nom,9,心,,,,,
󰆩,U+F01A9,nom,9,心,,,,,
󰇮,U+F01EE,nom,9,手,,,,,
󰇰,U+F01F0,nom,9,手,,,,,
󰉽,U+F027D,nom,9,曰,,,,,
󰊉,U+F0289,nom,9,木,,,,,
󰋏,U+F02CF,nom,9,水,,,,,
󰌌,U+F030C,nom,9,火,,,,,
󰌏,U+F030F,nom,9,火,,,,,
󰌹,U+F0339,nom,9,片,,,,,
󰍧,U+F0367,nom,9,瓦,,,,,
󰍻,U+F037B,nom,9,疒,,,,,
󰏚,U+F03DA,nom,9,示,,,,,
󰏧,U+F03E7,nom,9,禾,,,,,
󰏹,U+F03F9,nom,9,穴,,,,,
󰐺,U+F043A,nom,9,糸,,,,,
󰒑,U+F0491,nom,9,耳,,,,,
󰓏,U+F04CF,nom,9,色,,,,,
󰕉,U+F0549,nom,9,言,,,,,
󰘪,U+F062A,nom,9,𲋄,,,,,
󰯻,U+F0BFB,nom,9,勹,,,,,
󱉁,U+F1241,nom,9,刀,,,,,
󱊊,U+F128A,nom,9,口,,,,,
𰂔,U+30094,nom,10,人,,,,,
𰇥,U+301E5,nom,10,口,,,,,
𰇮,U+301EE,nom,10,口,,,,,
𰉵,U+30275,nom,10,土,,,,,
𰛴,U+306F4,nom,10,水,,,,,
𰛻,U+306FB,nom,10,水,,,,,
𰪯,U+30AAF,nom,10,米,,,,,
𱎔,U+31394,nom,10,二,,,,,
𱎹,U+313B9,nom,10,人,,,,,
𱐲,U+31432,nom,10,力,,,,,
𱒵,U+314B5,nom,10,口,,,,,
𱓏,U+314CF,nom,10,口,,,,,
𱠆,U+31806,nom,10,手,,,,,
𱦡,U+319A1,nom,10,水,,,,,
𱦧,U+319A7,nom,10,水,,,,,
𱦭,U+319AD,nom,10,水,,,,,
𱷲,U+31DF2,nom,10,竹,,,,,
𱿜,U+31FDC,nom,10,虫,,,,,
𲈾,U+3223E,nom,10,门,,,,,
󰀆,U+F0006,nom,10,一,,,,,
󰀇,U+F0007,nom,10,一,,,,,
󰀈,U+F0008,nom,10,一,,,,,
󰂉,U+F0089,nom,10,口,,,,,
󰂍,U+F008D,nom,10,口,,,,,
󰂐,U+F0090,nom,10,口,,,,,
󰂓,U+F0093,nom,10,口,,,,,
󰂕,U+F0095,nom,10,口,,,,,
󰃽,U+F00FD,nom,10,土,,,,,
󰃿,U+F00FF,nom,10,土,,,,,
󰄕,U+F0115,nom,10,水,,,,,
󰄖,U+F0116,nom,10,士,,,,,
󰄪,U+F012A,nom,10,女,,,,,
󰄳,U+F0133,nom,10,子,,,,,
󰄵,U+F0135,nom,10,子,,,,,
󰄹,U+F0139,nom,10,宀,,,,,
󰅅,U+F0145,nom,10,小,,,,,
󰅺,U+F017A,nom,10,女,,,,,
󰆋,U+F018B,nom,10,广,,,,,
󰆪,U+F01AA,nom,10,心,,,,,
󰆫,U+F01AB,nom,10,心,,,,,
󰆭,U+F01AD,nom,10,心,,,,,
󰆯,U+F01AF,nom,10,心,,,,,
󰆱,U+F01B1,nom,10,心,,,,,
󰆳,U+F01B3,nom,10,心,,,,,
󰆴,U+F01B4,nom,10,心,,,,,
󰇯,U+F01EF,nom,10,手,,,,,
󰇸,U+F01F8,nom,10,手,,,,,
󰇼,U+F01FC,nom,10,手,,,,,
󰋖,U+F02D6,nom,10,水,,,,,
󰌒,U+F0312,nom,10,火,,,,,
󰌓,U+F0313,nom,10,火,,,,,
󰍆,U+F0346,nom,10,犬,,,,,
󰍉,U+F0349,nom,10,犬,,,,,
󰍨,U+F0368,nom,10,瓦,,,,,
󰍩,U+F0369,nom,10,瓦,,,,,
󰎢,U+F03A2,nom,10,目,,,,,
󰏁,U+F03C1,nom,10,石,,,,,
󰏙,U+F03D9,nom,10,示,,,,,
󰏜,U+F03DC,nom,10,示,,,,,
󰏝,U+F03DD,nom,10,示,,,,,
󰏦,U+F03E6,nom,10,禾,,,,,
󰒡,U+F04A1,nom,10,肉,,,,,
󰒢,U+F04A2,nom,10,肉,,,,,
󰒣,U+F04A3,nom,10,肉,,,,,
󰒨,U+F04A8,nom,10,肉,,,,,
󰓞,U+F04DE,nom,10,艹,,,,,
󰓯,U+F04EF,nom,10,艹,,,,,
󰔅,U+F0505,nom,10,虫,,,,,
󰔆,U+F0506,nom,10,虫,,,,,
󰔫,U+F052B,nom,10,衣,,,,,
󰮏,U+F0B8F,nom,10,八,,,,,
󰻚,U+F0EDA,nom,10,衣,,,,,
󱈭,U+F122D,nom,10,凵,,,,,
󱉓,U+F1253,nom,10,力,,,,,
𰇼,U+301FC,nom,11,口,,,,,
𰕊,U+3054A,nom,11,攵,,,,,
𰗯,U+305EF,nom,11,木,,,,,
𰡚,U+3085A,nom,11,犬,,,,,
𰡜,U+3085C,nom,11,犬,,,,,
𰨥,U+30A25,nom,11,禾,,,,,
𰩲,U+30A72,nom,11,竹,,,,,
𰩵,U+30A75,nom,11,竹,,,,,
𰱂,U+30C42,nom,11,艸,,,,,
𰺽,U+30EBD,nom,11,辵,,,,,
𰿘,U+30FD8,nom,11,門,,,,,
𱓄,U+314C4,nom,11,口,,,,,
𱓈,U+314C8,nom,11,口,,,,,
𱓕,U+314D5,nom,11,口,,,,,
𱚉,U+31689,nom,11,宀,,,,,
𱞟,U+3179F,nom,11,心,,,,,
𱞦,U+317A6,nom,11,心,,,,,
𱠅,U+31805,nom,11,手,,,,,
𱠍,U+3180D,nom,11,手,,,,,
𱠎,U+3180E,nom,11,手,,,,,
𱢆,U+31886,nom,11,日,,,,,
𱣜,U+318DC,nom,11,木,,,,,
𱦼,U+319BC,nom,11,水,,,,,
𱮆,U+31B86,nom,11,犬,,,,,
𱱇,U+31C47,nom,11,疋,,,,,
󰀛,U+F001B,nom,11,二,,,,,
󰀝,U+F001D,nom,11,亠,,,,,
󰀭,U+F002D,nom,11,人,,,,,
󰀯,U+F002F,nom,11,人,,,,,
󰁋,U+F004B,nom,11,冫,,,,,
󰁛,U+F005B,nom,11,己,,,,,
󰁫,U+F006B,nom,11,匸,,,,,
󰂜,U+F009C,nom,11,口,,,,,
󰄡,U+F0121,nom,11,大,,,,,
󰄫,U+F012B,nom,11,女,,,,,
󰅄,U+F0144,nom,11,小,,,,,
󰅆,U+F0146,nom,11,小,,,,,
󰅇,U+F0147,nom,11,小,,,,,
󰅈,U+F0148,nom,11,小,,,,,
󰅉,U+F0149,nom,11,小,,,,,
󰅊,U+F014A,nom,11,小,,,,,
󰅋,U+F014B,nom,11,小,,,,,
󰅙,U+F0159,nom,11,山,,,,,
󰅼,U+F017C,nom,11,巾,,,,,
󰆆,U+F0186,nom,11,乡,,,,,
󰆜,U+F019C,nom,11,彳,,,,,
󰆲,U+F01B2,nom,11,心,,,,,
󰆶,U+F01B6,nom,11,心,,,,,
󰆺,U+F01BA,nom,11,心,,,,,
󰆻,U+F01BB,nom,11,心,,,,,
󰆼,U+F01BC,nom,11,心,,,,,
󰇻,U+F01FB,nom,11,手,,,,,
󰇿,U+F01FF,nom,11,手,,,,,
󰈀,U+F0200,nom,11,手,,,,,
󰈁,U+F0201,nom,11,手,,,,,
󰈂,U+F0202,nom,11,手,,,,,
󰈃,U+F0203,nom,11,手,,,,,
󰉜,U+F025C,nom,11,日,,,,,
󰉝,U+F025D,nom,11,日,,,,,
󰊋,U+F028B,nom,11,木,,,,,
󰊌,U+F028C,nom,11,木,,,,,
󰊐,U+F0290,nom,11,木,,,,,
󰊑,U+F0291,nom,11,木,,,,,
󰊒,U+F0292,nom,11,木,,,,,
󰋗,U+F02D7,nom,11,水,,,,,
󰋛,U+F02DB,nom,11,水,,,,,
󰋜,U+F02DC,nom,11,水,,,,,
󰌔,U+F0314,nom,11,火,,,,,
󰌾,U+F033E,nom,11,牜,,,,,
󰍋,U+F034B,nom,11,犬,,,,,
󰍎,U+F034E,nom,11,犬,,,,,
󰍪,U+F036A,nom,11,瓦,,,,,
󰍳,U+F0373,nom,11,生,,,,,
󰍼,U+F037C,nom,11,疒,,,,,
󰍽,U+F037D,nom,11,疒,,,,,
󰎀,U+F0380,nom,11,疒,,,,,
󰎁,U+F0381,nom,11,疒,,,,,
󰎣,U+F03A3,nom,11,目,,,,,
󰏂,U+F03C2,nom,11,石,,,,,
󰏛,U+F03DB,nom,11,示,,,,,
󰐃,U+F0403,nom,11,竹,,,,,
󰐼,U+F043C,nom,11,糸,,,,,
󰐽,U+F043D,nom,11,糸,,,,,
󰑳,U+F0473,nom,11,缶,,,,,
󰑴,U+F0474,nom,11,缶,,,,,
󰒓,U+F0493,nom,11,耳,,,,,
󰒔,U+F0494,nom,11,耳,,,,,
󰒠,U+F04A0,nom,11,肉,,,,,
󰒤,U+F04A4,nom,11,肉,,,,,
󰒥,U+F04A5,nom,11,肉,,,,,
󰒦,U+F04A6,nom,11,肉,,,,,
󰒧,U+F04A7,nom,11,肉,,,,,
󰒩,U+F04A9,nom,11,肉,,,,,
󰓝,U+F04DD,nom,11,艹,,,,,
󰔊,U+F050A,nom,11,虫,,,,,
󰔧,U+F0527,nom,11,血,,,,,
󰔮,U+F052E,nom,11,衣,,,,,
󰖦,U+F05A6,nom,11,辵,,,,,
󰖶,U+F05B6,nom,11,酉,,,,,
󰗻,U+F05FB,nom,11,長,,,,,
󰗽,U+F05FD,nom,11,门,,,,,
󰞺,U+F07BA,nom,11,水,,,,,
󰬵,U+F0B35,nom,11,文,,,,,
󰭂,U+F0B42,nom,11,彐,,,,,
󰹕,U+F0E55,nom,11,王,,,,,
󰺔,U+F0E94,nom,11,白,,,,,
󱉃,U+F1243,nom,11,刀,,,,,
𰈏,U+3020F,nom,12,口,,,,,
𰑳,U+30473,nom,12,心,,,,,
𰜠,U+30720,nom,12,水,,,,,
𰧄,U+309C4,nom,12,石,,,,,
𰨂,U+30A02,nom,12,示,,,,,
𱎌,U+3138C,nom,12,辵,,,,,
𱏃,U+313C3,nom,12,人,,,,,
𱓘,U+314D8,nom,12,口,,,,,
𱓞,U+314DE,nom,12,口,,,,,
𱜗,U+31717,nom,12,工,,,,,
𱜞,U+3171E,nom,12,己,,,,,
𱞰,U+317B0,nom,12,心,,,,,
𱞳,U+317B3,nom,12,心,,,,,
𱠑,U+31811,nom,12,手,,,,,
𱠗,U+31817,nom,12,手,,,,,
𱡴,U+31874,nom,12,方,,,,,
𱡵,U+31875,nom,12,方,,,,,
𱢎,U+3188E,nom,12,日,,,,,
𱣦,U+318E6,nom,12,巾,,,,,
𱣩,U+318E9,nom,12,木,,,,,
𱧇,U+319C7,nom,12,尸,,,,,
𱧎,U+319CE,nom,12,水,,,,,
𱫛,U+31ADB,nom,12,火,,,,,
𱭞,U+31B5E,nom,12,片,,,,,
𱻙,U+31ED9,nom,12,羽,,,,,
𱼫,U+31F2B,nom,12,日,,,,,
𲃛,U+320DB,nom,12,足,,,,,
𲄴,U+32134,nom,12,車,,,,,
󰀲,U+F0032,nom,12,人,,,,,
󰀴,U+F0034,nom,12,人,,,,,
󰀹,U+F0039,nom,12,儿,,,,,
󰁃,U+F0043,nom,12,冖,,,,,
󰁗,U+F0057,nom,12,刀,,,,,
󰁚,U+F005A,nom,12,工,,,,,
󰁩,U+F0069,nom,12,宀,,,,,
󰂖,U+F0096,nom,12,口,,,,,
󰂢,U+F00A2,nom,12,口,,,,,
󰂣,U+F00A3,nom,12,口,,,,,
󰂦,U+F00A6,nom,12,口,,,,,
󰂬,U+F00AC,nom,12,口,,,,,
󰄆,U+F0106,nom,12,土,,,,,
󰄻,U+F013B,nom,12,宀,,,,,
󰅳,U+F0173,nom,12,己,,,,,
󰅽,U+F017D,nom,12,巾,,,,,
󰆝,U+F019D,nom,12,彳,,,,,
󰆽,U+F01BD,nom,12,心,,,,,
󰇀,U+F01C0,nom,12,心,,,,,
󰇄,U+F01C4,nom,12,心,,,,,
󰈋,U+F020B,nom,12,手,,,,,
󰈌,U+F020C,nom,12,手,,,,,
󰉐,U+F0250,nom,12,斤,,,,,
󰉞,U+F025E,nom,12,日,,,,,
󰉠,U+F0260,nom,12,日,,,,,
󰉢,U+F0262,nom,12,日,,,,,
󰉣,U+F0263,nom,12,日,,,,,
󰉾,U+F027E,nom,12,儿,,,,,
󰊏,U+F028F,nom,12,木,,,,,
󰊓,U+F0293,nom,12,木,,,,,
󰊔,U+F0294,nom,12,木,,,,,
󰊕,U+F0295,nom,12,木,,,,,
󰊙,U+F0299,nom,12,木,,,,,
󰊺,U+F02BA,nom,12,止,,,,,
󰊿,U+F02BF,nom,12,毋,,,,,
󰋅,U+F02C5,nom,12,气,,,,,
󰋟,U+F02DF,nom,12,水,,,,,
󰌚,U+F031A,nom,12,火,,,,,
󰌶,U+F0336,nom,12,爿,,,,,
󰌿,U+F033F,nom,12,牜,,,,,
󰍏,U+F034F,nom,12,犬,,,,,
󰍐,U+F0350,nom,12,犬,,,,,
󰍫,U+F036B,nom,12,瓦,,,,,
󰍬,U+F036C,nom,12,瓦,,,,,
󰎤,U+F03A4,nom,12,目,,,,,
󰎦,U+F03A6,nom,12,目,,,,,
󰎧,U+F03A7,nom,12,目,,,,,
󰏞,U+F03DE,nom,12,示,,,,,
󰏫,U+F03EB,nom,12,禾,,,,,
󰏬,U+F03EC,nom,12,禾,,,,,
󰏭,U+F03ED,nom,12,禾,,,,,
󰏮,U+F03EE,nom,12,禾,,,,,
󰏺,U+F03FA,nom,12,穴,,,,,
󰐅,U+F0405,nom,12,竹,,,,,
󰐆,U+F0406,nom,12,竹,,,,,
󰐨,U+F0428,nom,12,米,,,,,
󰑅,U+F0445,nom,12,糸,,,,,
󰑵,U+F0475,nom,12,缶,,,,,
󰑶,U+F0476,nom,12,缶,,,,,
󰒭,U+F04AD,nom,12,肉,,,,,
󰒮,U+F04AE,nom,12,肉,,,,,
󰓡,U+F04E1,nom,12,艹,,,,,
󰔈,U+F0508,nom,12,虫,,,,,
󰔬,U+F052C,nom,12,衣,,,,,
󰕀,U+F0540,nom,12,角,,,,,
󰕊,U+F054A,nom,12,言,,,,,
󰕛,U+F055B,nom,12,豕,,,,,
󰕳,U+F0573,nom,12,足,,,,,
󰕸,U+F0578,nom,12,足,,,,,
󰕹,U+F0579,nom,12,足,,,,,
󰖧,U+F05A7,nom,12,辵,,,,,
󰡽,U+F087D,nom,12,口,,,,,
󰬷,U+F0B37,nom,12,尸,,,,,
󰬸,U+F0B38,nom,12,巾,,,,,
󰳃,U+F0CC3,nom,12,足,,,,,
󰸏,U+F0E0F,nom,12,火,,,,,
󱂚,U+F109A,nom,12,辵,,,,,
𰈂,U+30202,nom,13,口,,,,,
𰈣,U+30223,nom,13,口,,,,,
𰐁,U+30401,nom,13,广,,,,,
𰴂,U+30D02,nom,13,衣,,,,,
𰼦,U+30F26,nom,13,金,,,,,
𱓱,U+314F1,nom,13,口,,,,,
𱓲,U+314F2,nom,13,口,,,,,
𱓳,U+314F3,nom,13,口,,,,,
𱓺,U+314FA,nom,13,口,,,,,
𱔀,U+31500,nom,13,口,,,,,
𱔂,U+31502,nom,13,口,,,,,
𱗝,U+315DD,nom,13,土,,,,,
𱙡,U+31661,nom,13,女,,,,,
𱜂,U+31702,nom,13,罒,,,,,
𱜘,U+31718,nom,13,工,,,,,
𱜙,U+31719,nom,13,工,,,,,
𱜲,U+31732,nom,13,巾,,,,,
𱠞,U+3181E,nom,13,手,,,,,
𱡬,U+3186C,nom,13,斤,,,,,
𱣸,U+318F8,nom,13,木,,,,,
𱣼,U+318FC,nom,13,木,,,,,
𱧳,U+319F3,nom,13,水,,,,,
𱨅,U+31A05,nom,13,水,,,,,
𱫨,U+31AE8,nom,13,火,,,,,
𱮗,U+31B97,nom,13,犬,,,,,
𱶑,U+31D91,nom,13,禾,,,,,
𱹵,U+31E75,nom,13,糸,,,,,
𲂯,U+320AF,nom,13,貝,,,,,
𲃟,U+320DF,nom,13,足,,,,,
𲃤,U+320E4,nom,13,足,,,,,
𲄶,U+32136,nom,13,車,,,,,
𲅪,U+3216A,nom,13,辵,,,,,
󰀜,U+F001C,nom,13,二,,,,,
󰁝,U+F005D,nom,13,刀,,,,,
󰂔,U+F0094,nom,13,口,,,,,
󰂭,U+F00AD,nom,13,口,,,,,
󰂮,U+F00AE,nom,13,口,,,,,
󰂰,U+F00B0,nom,13,口,,,,,
󰂵,U+F00B5,nom,13,口,,,,,
󰄃,U+F0103,nom,13,土,,,,,
󰄄,U+F0104,nom,13,土,,,,,
󰄗,U+F0117,nom,13,士,,,,,
󰄢,U+F0122,nom,13,大,,,,,
󰄮,U+F012E,nom,13,女,,,,,
󰅴,U+F0174,nom,13,己,,,,,
󰅿,U+F017F,nom,13,巾,,,,,
󰇂,U+F01C2,nom,13,心,,,,,
󰇆,U+F01C6,nom,13,心,,,,,
󰇉,U+F01C9,nom,13,心,,,,,
󰇊,U+F01CA,nom,13,心,,,,,
󰈇,U+F0207,nom,13,手,,,,,
󰈎,U+F020E,nom,13,手,,,,,
󰈏,U+F020F,nom,13,手,,,,,
󰈒,U+F0212,nom,13,手,,,,,
󰈓,U+F0213,nom,13,手,,,,,
󰈕,U+F0215,nom,13,手,,,,,
󰈖,U+F0216,nom,13,手,,,,,
󰈗,U+F0217,nom,13,手,,,,,
󰈘,U+F0218,nom,13,手,,,,,
󰈙,U+F0219,nom,13,手,,,,,
󰉌,U+F024C,nom,13,攵,,,,,
󰉤,U+F0264,nom,13,日,,,,,
󰊛,U+F029B,nom,13,木,,,,,
󰊻,U+F02BB,nom,13,止,,,,,
󰋢,U+F02E2,nom,13,水,,,,,
󰋣,U+F02E3,nom,13,水,,,,,
󰋥,U+F02E5,nom,13,水,,,,,
󰋨,U+F02E8,nom,13,水,,,,,
󰌜,U+F031C,nom,13,火,,,,,
󰌞,U+F031E,nom,13,火,,,,,
󰍒,U+F0352,nom,13,犬,,,,,
󰍓,U+F0353,nom,13,犬,,,,,
󰍔,U+F0354,nom,13,犬,,,,,
󰍶,U+F0376,nom,13,田,,,,,
󰎂,U+F0382,nom,13,疒,,,,,
󰎕,U+F0395,nom,13,白,,,,,
󰎨,U+F03A8,nom,13,目,,,,,
󰎩,U+F03A9,nom,13,目,,,,,
󰎪,U+F03AA,nom,13,目,,,,,
󰏅,U+F03C5,nom,13,石,,,,,
󰏤,U+F03E4,nom,13,示,,,,,
󰐈,U+F0408,nom,13,竹,,,,,
󰐊,U+F040A,nom,13,竹,,,,,
󰑊,U+F044A,nom,13,糸,,,,,
󰑎,U+F044E,nom,13,糸,,,,,
󰑑,U+F0451,nom,13,糸,,,,,
󰑸,U+F0478,nom,13,缶,,,,,
󰒃,U+F0483,nom,13,羊,,,,,
󰒇,U+F0487,nom,13,羽,,,,,
󰒰,U+F04B0,nom,13,肉,,,,,
󰓈,U+F04C8,nom,13,舌,,,,,
󰓢,U+F04E2,nom,13,艹,,,,,
󰓣,U+F04E3,nom,13,艹,,,,,
󰓪,U+F04EA,nom,13,艹,,,,,
󰔎,U+F050E,nom,13,虫,,,,,
󰔏,U+F050F,nom,13,虫,,,,,
󰔯,U+F052F,nom,13,衣,,,,,
󰕠,U+F0560,nom,13,貝,,,,,
󰕺,U+F057A,nom,13,足,,,,,
󰗉,U+F05C9,nom,13,金,,,,,
󰗿,U+F05FF,nom,13,門,,,,,
󰘒,U+F0612,nom,13,雨,,,,,
󰘙,U+F0619,nom,13,面,,,,,
󰘚,U+F061A,nom,13,面,,,,,
󰘴,U+F0634,nom,13,食,,,,,
󰙁,U+F0641,nom,13,馬,,,,,
󰚋,U+F068B,nom,13,鳥,,,,,
󰤶,U+F0936,nom,13,土,,,,,
󰬌,U+F0B0C,nom,13,人,,,,,
󰬻,U+F0B3B,nom,13,曰,,,,,
󰰍,U+F0C0D,nom,13,羽,,,,,
󰶨,U+F0DA8,nom,13,毛,,,,,
󱂍,U+F108D,nom,13,車,,,,,
󱄭,U+F112D,nom,13,風,,,,,
󱈦,U+F1226,nom,13,冫,,,,,
𮵗,U+2ED57,nom,14,石,,,,,
𰈤,U+30224,nom,14,口,,,,,
𰜶,U+30736,nom,14,水,,,,,
𰜺,U+3073A,nom,14,水,,,,,
𰸑,U+30E11,nom,14,足,,,,,
𱆤,U+311A4,nom,14,魚,,,,,
𱍿,U+3137F,nom,14,丿,,,,,
𱐾,U+3143E,nom,14,勹,,,,,
𱑛,U+3145B,nom,14,卩,,,,,
𱔒,U+31512,nom,14,口,,,,,
𱚑,U+31691,nom,14,宀,,,,,
𱝇,U+31747,nom,14,广,,,,,
𱠭,U+3182D,nom,14,手,,,,,
𱢝,U+3189D,nom,14,日,,,,,
𱥤,U+31964,nom,14,毛,,,,,
𱫳,U+31AF3,nom,14,戈,,,,,
𱫻,U+31AFB,nom,14,火,,,,,
𱯚,U+31BDA,nom,14,玉,,,,,
𱰼,U+31C3C,nom,14,田,,,,,
𱸀,U+31E00,nom,14,竹,,,,,
𱸉,U+31E09,nom,14,竹,,,,,
𱹶,U+31E76,nom,14,糸,,,,,
𱻛,U+31EDB,nom,14,羽,,,,,
𱼓,U+31F13,nom,14,肉,,,,,
𲃪,U+320EA,nom,14,足,,,,,
𲋘,U+322D8,nom,14,食,,,,,
󰁌,U+F004C,nom,14,冫,,,,,
󰁍,U+F004D,nom,14,冫,,,,,
󰁞,U+F005E,nom,14,刀,,,,,
󰁯,U+F006F,nom,14,十,,,,,
󰁷,U+F0077,nom,14,又,,,,,
󰂷,U+F00B7,nom,14,口,,,,,
󰂻,U+F00BB,nom,14,口,,,,,
󰂽,U+F00BD,nom,14,口,,,,,
󰃁,U+F00C1,nom,14,口,,,,,
󰃂,U+F00C2,nom,14,口,,,,,
󰃅,U+F00C5,nom,14,口,,,,,
󰄈,U+F0108,nom,14,土,,,,,
󰄉,U+F0109,nom,14,土,,,,,
󰄊,U+F010A,nom,14,土,,,,,
󰄽,U+F013D,nom,14,宀,,,,,
󰅖,U+F0156,nom,14,尸,,,,,
󰅛,U+F015B,nom,14,山,,,,,
󰅜,U+F015C,nom,14,山,,,,,
󰅾,U+F017E,nom,14,巾,,,,,
󰆓,U+F0193,nom,14,弓,,,,,
󰇟,U+F01DF,nom,14,戈,,,,,
󰈜,U+F021C,nom,14,手,,,,,
󰈞,U+F021E,nom,14,手,,,,,
󰉿,U+F027F,nom,14,曰,,,,,
󰊀,U+F0280,nom,14,曰,,,,,
󰊟,U+F029F,nom,14,木,,,,,
󰊠,U+F02A0,nom,14,木,,,,,
󰊢,U+F02A2,nom,14,木,,,,,
󰊣,U+F02A3,nom,14,木,,,,,
󰊤,U+F02A4,nom,14,木,,,,,
󰋩,U+F02E9,nom,14,水,,,,,
󰋫,U+F02EB,nom,14,水,,,,,
󰋬,U+F02EC,nom,14,水,,,,,
󰋭,U+F02ED,nom,14,水,,,,,
󰋮,U+F02EE,nom,14,水,,,,,
󰋰,U+F02F0,nom,14,水,,,,,
󰌟,U+F031F,nom,14,火,,,,,
󰌠,U+F0320,nom,14,火,,,,,
󰍿,U+F037F,nom,14,疒,,,,,
󰎄,U+F0384,nom,14,疒,,,,,
󰎬,U+F03AC,nom,14,目,,,,,
󰎮,U+F03AE,nom,14,目,,,,,
󰏰,U+F03F0,nom,14,禾,,,,,
󰐩,U+F0429,nom,14,米,,,,,
󰑋,U+F044B,nom,14,糸,,,,,
󰑓,U+F0453,nom,14,糸,,,,,
󰑘,U+F0458,nom,14,糸,,,,,
󰑤,U+F0464,nom,14,糸,,,,,
󰑨,U+F0468,nom,14,糸,,,,,
󰒎,U+F048E,nom,14,耒,,,,,
󰒖,U+F0496,nom,14,耳,,,,,
󰒗,U+F0497,nom,14,耳,,,,,
󰒯,U+F04AF,nom,14,肉,,,,,
󰒸,U+F04B8,nom,14,肉,,,,,
󰒹,U+F04B9,nom,14,肉,,,,,
󰓍,U+F04CD,nom,14,艮,,,,,
󰓦,U+F04E6,nom,14,艹,,,,,
󰓨,U+F04E8,nom,14,艹,,,,,
󰓱,U+F04F1,nom,14,艹,,,,,
󰔒,U+F0512,nom,14,虫,,,,,
󰔓,U+F0513,nom,14,虫,,,,,
󰔔,U+F0514,nom,14,虫,,,,,
󰔺,U+F053A,nom,14,覀,,,,,
󰔽,U+F053D,nom,14,見,,,,,
󰕐,U+F0550,nom,14,言,,,,,
󰕡,U+F0561,nom,14,貝,,,,,
󰕻,U+F057B,nom,14,足,,,,,
󰕼,U+F057C,nom,14,足,,,,,
󰕽,U+F057D,nom,14,足,,,,,
󰖫,U+F05AB,nom,14,辵,,,,,
󰖽,U+F05BD,nom,14,釆,,,,,
󰘛,U+F061B,nom,14,面,,,,,
󰘣,U+F0623,nom,14,頁,,,,,
󰘫,U+F062B,nom,14,𲋄,,,,,
󰘬,U+F062C,nom,14,𲋄,,,,,
󰘭,U+F062D,nom,14,风,,,,,
󰙃,U+F0643,nom,14,馬,,,,,
󰙇,U+F0647,nom,14,骨,,,,,
󰚍,U+F068D,nom,14,鳥,,,,,
󰛅,U+F06C5,nom,14,齿,,,,,
󰛇,U+F06C7,nom,14,齒,,,,,
󰭿,U+F0B7F,nom,14,毛,,,,,
󰯇,U+F0BC7,nom,14,長,,,,,
󰺋,U+F0E8B,nom,14,疒,,,,,
󰺵,U+F0EB5,nom,14,目,,,,,
󱇪,U+F11EA,nom,14,人,,,,,
󱉗,U+F1257,nom,14,力,,,,,
䶶,U+4DB6,nom,15,一,,,,,
𰘝,U+3061D,nom,15,木,,,,,
𱆧,U+311A7,nom,15,魚,,,,,
𱍧,U+31367,nom,15,一,,,,,
𱔢,U+31522,nom,15,口,,,,,
𱔧,U+31527,nom,15,口,,,,,
𱔨,U+31528,nom,15,口,,,,,
𱔩,U+31529,nom,15,口,,,,,
𱔪,U+3152A,nom,15,口,,,,,
𱔫,U+3152B,nom,15,口,,,,,
𱔲,U+31532,nom,15,口,,,,,
𱛀,U+316C0,nom,15,曰,,,,,
𱜏,U+3170F,nom,15,山,,,,,
𱝊,U+3174A,nom,15,广,,,,,
𱟎,U+317CE,nom,15,心,,,,,
𱠳,U+31833,nom,15,手,,,,,
𱠴,U+31834,nom,15,手,,,,,
𱠵,U+31835,nom,15,手,,,,,
𱢤,U+318A4,nom,15,日,,,,,
𱤎,U+3190E,nom,15,木,,,,,
𱨳,U+31A33,nom,15,水,,,,,
𱱟,U+31C5F,nom,15,疒,,,,,
𱱹,U+31C79,nom,15,八,,,,,
𱱽,U+31C7D,nom,15,白,,,,,
𱳆,U+31CC6,nom,15,目,,,,,
𱴥,U+31D25,nom,15,石,,,,,
𱵥,U+31D65,nom,15,示,,,,,
𱹑,U+31E51,nom,15,米,,,,,
𱹻,U+31E7B,nom,15,糸,,,,,
𲀙,U+32019,nom,15,血,,,,,
𲁪,U+3206A,nom,15,言,,,,,
𲈫,U+3222B,nom,15,門,,,,,
𲌱,U+32331,nom,15,魚,,,,,
𲌲,U+32332,nom,15,魚,,,,,
󰀌,U+F000C,nom,15,丨,,,,,
󰀶,U+F0036,nom,15,人,,,,,
󰁎,U+F004E,nom,15,冫,,,,,
󰁟,U+F005F,nom,15,刀,,,,,
󰃎,U+F00CE,nom,15,口,,,,,
󰃐,U+F00D0,nom,15,口,,,,,
󰄶,U+F0136,nom,15,子,,,,,
󰅌,U+F014C,nom,15,小,,,,,
󰅦,U+F0166,nom,15,巛,,,,,
󰅭,U+F016D,nom,15,工,,,,,
󰅵,U+F0175,nom,15,己,,,,,
󰆏,U+F018F,nom,15,广,,,,,
󰇅,U+F01C5,nom,15,心,,,,,
󰇠,U+F01E0,nom,15,戈,,,,,
󰈦,U+F0226,nom,15,手,,,,,
󰈪,U+F022A,nom,15,竹,,,,,
󰈱,U+F0231,nom,15,手,,,,,
󰉎,U+F024E,nom,15,攵,,,,,
󰉦,U+F0266,nom,15,日,,,,,
󰉪,U+F026A,nom,15,日,,,,,
󰉫,U+F026B,nom,15,日,,,,,
󰊃,U+F0283,nom,15,月,,,,,
󰊖,U+F0296,nom,15,木,,,,,
󰊦,U+F02A6,nom,15,木,,,,,
󰊨,U+F02A8,nom,15,木,,,,,
󰋴,U+F02F4,nom,15,水,,,,,
󰋵,U+F02F5,nom,15,水,,,,,
󰋸,U+F02F8,nom,15,水,,,,,
󰌡,U+F0321,nom,15,火,,,,,
󰌷,U+F0337,nom,15,爿,,,,,
󰍀,U+F0340,nom,15,牜,,,,,
󰍁,U+F0341,nom,15,牜,,,,,
󰍲,U+F0372,nom,15,甘,,,,,
󰎅,U+F0385,nom,15,疒,,,,,
󰎚,U+F039A,nom,15,皿,,,,,
󰎫,U+F03AB,nom,15,目,,,,,
󰎰,U+F03B0,nom,15,目,,,,,
󰏉,U+F03C9,nom,15,石,,,,,
󰏊,U+F03CA,nom,15,石,,,,,
󰏋,U+F03CB,nom,15,石,,,,,
󰏥,U+F03E5,nom,15,𲋄,,,,,
󰏱,U+F03F1,nom,15,禾,,,,,
󰐌,U+F040C,nom,15,竹,,,,,
󰐍,U+F040D,nom,15,竹,,,,,
󰐎,U+F040E,nom,15,竹,,,,,
󰐏,U+F040F,nom,15,竹,,,,,
󰐐,U+F0410,nom,15,竹,,,,,
󰐑,U+F0411,nom,15,竹,,,,,
󰐒,U+F0412,nom,15,竹,,,,,
󰑙,U+F0459,nom,15,糸,,,,,
󰑞,U+F045E,nom,15,糸,,,,,
󰑺,U+F047A,nom,15,缶,,,,,
󰒍,U+F048D,nom,15,老,,,,,
󰒘,U+F0498,nom,15,耳,,,,,
󰒲,U+F04B2,nom,15,肉,,,,,
󰒳,U+F04B3,nom,15,肉,,,,,
󰒺,U+F04BA,nom,15,肉,,,,,
󰓭,U+F04ED,nom,15,艹,,,,,
󰓳,U+F04F3,nom,15,艹,,,,,
󰔖,U+F0516,nom,15,虫,,,,,
󰔗,U+F0517,nom,15,虫,,,,,
󰔰,U+F0530,nom,15,衣,,,,,
󰔴,U+F0534,nom,15,衣,,,,,
󰔾,U+F053E,nom,15,齿,,,,,
󰕣,U+F0563,nom,15,貝,,,,,
󰕥,U+F0565,nom,15,貝,,,,,
󰕫,U+F056B,nom,15,赤,,,,,
󰕾,U+F057E,nom,15,足,,,,,
󰕿,U+F057F,nom,15,足,,,,,
󰖪,U+F05AA,nom,15,辵,,,,,
󰗅,U+F05C5,nom,15,金,,,,,
󰗌,U+F05CC,nom,15,金,,,,,
󰗕,U+F05D5,nom,15,金,,,,,
󰗙,U+F05D9,nom,15,金,,,,,
󰗚,U+F05DA,nom,15,金,,,,,
󰘯,U+F062F,nom,15,飛,,,,,
󰚐,U+F0690,nom,15,鳥,,,,,
󰬮,U+F0B2E,nom,15,釆,,,,,
󰷖,U+F0DD6,nom,15,水,,,,,
󰸿,U+F0E3F,nom,15,牜,,,,,
󰺠,U+F0EA0,nom,15,皮,,,,,
󰺶,U+F0EB6,nom,15,目,,,,,
󰻿,U+F0EFF,nom,15,竹,,,,,
󱅮,U+F116E,nom,15,鳥,,,,,
󱆈,U+F1188,nom,15,齊,,,,,
󱇹,U+F11F9,nom,15,人,,,,,
󱋛,U+F12DB,nom,15,口,,,,,
𮰮,U+2EC2E,nom,16,土,,,,,
𰔫,U+3052B,nom,16,手,,,,,
𰟞,U+307DE,nom,16,火,,,,,
𰸣,U+30E23,nom,16,足,,,,,
𱄛,U+3111B,nom,16,馬,,,,,
𱑒,U+31452,nom,16,十,,,,,
𱘅,U+31605,nom,16,土,,,,,
𱘩,U+31629,nom,16,夕,,,,,
𱠼,U+3183C,nom,16,手,,,,,
𱢧,U+318A7,nom,16,日,,,,,
𱤒,U+31912,nom,16,木,,,,,
𱤔,U+31914,nom,16,木,,,,,
𱤕,U+31915,nom,16,木,,,,,
𱤘,U+31918,nom,16,木,,,,,
𱤚,U+3191A,nom,16,木,,,,,
𱩋,U+31A4B,nom,16,水,,,,,
𱹔,U+31E54,nom,16,米,,,,,
𱻢,U+31EE2,nom,16,羽,,,,,
𲀀,U+32000,nom,16,虫,,,,,
𲁰,U+32070,nom,16,言,,,,,
𲃱,U+320F1,nom,16,足,,,,,
𲃲,U+320F2,nom,16,足,,,,,
𲆴,U+321B4,nom,16,酉,,,,,
𲉇,U+32247,nom,16,門,,,,,
𲊀,U+32280,nom,16,雨,,,,,
𲎩,U+323A9,nom,16,齿,,,,,
󰁠,U+F0060,nom,16,刀,,,,,
󰃌,U+F00CC,nom,16,口,,,,,
󰃓,U+F00D3,nom,16,口,,,,,
󰄋,U+F010B,nom,16,土,,,,,
󰄍,U+F010D,nom,16,土,,,,,
󰄣,U+F0123,nom,16,大,,,,,
󰄱,U+F0131,nom,16,女,,,,,
󰄿,U+F013F,nom,16,宀,,,,,
󰅍,U+F014D,nom,16,小,,,,,
󰅠,U+F0160,nom,16,山,,,,,
󰅮,U+F016E,nom,16,工,,,,,
󰆂,U+F0182,nom,16,巾,,,,,
󰆈,U+F0188,nom,16,乡,,,,,
󰇓,U+F01D3,nom,16,心,,,,,
󰈥,U+F0225,nom,16,手,,,,,
󰈧,U+F0227,nom,16,手,,,,,
󰈨,U+F0228,nom,16,手,,,,,
󰈫,U+F022B,nom,16,手,,,,,
󰈬,U+F022C,nom,16,手,,,,,
󰈭,U+F022D,nom,16,手,,,,,
󰈰,U+F0230,nom,16,手,,,,,
󰉩,U+F0269,nom,16,日,,,,,
󰉮,U+F026E,nom,16,日,,,,,
󰉯,U+F026F,nom,16,日,,,,,
󰊬,U+F02AC,nom,16,木,,,,,
󰋪,U+F02EA,nom,16,水,,,,,
󰋱,U+F02F1,nom,16,水,,,,,
󰋺,U+F02FA,nom,16,水,,,,,
󰌢,U+F0322,nom,16,火,,,,,
󰌣,U+F0323,nom,16,火,,,,,
󰌤,U+F0324,nom,16,火,,,,,
󰌥,U+F0325,nom,16,火,,,,,
󰍙,U+F0359,nom,16,犬,,,,,
󰍚,U+F035A,nom,16,犬,,,,,
󰎆,U+F0386,nom,16,疒,,,,,
󰎴,U+F03B4,nom,16,目,,,,,
󰏍,U+F03CD,nom,16,石,,,,,
󰏳,U+F03F3,nom,16,禾,,,,,
󰏴,U+F03F4,nom,16,禾,,,,,
󰏼,U+F03FC,nom,16,穴,,,,,
󰐕,U+F0415,nom,16,竹,,,,,
󰐘,U+F0418,nom,16,竹,,,,,
󰐮,U+F042E,nom,16,米,,,,,
󰐰,U+F0430,nom,16,米,,,,,
󰑛,U+F045B,nom,16,糸,,,,,
󰑡,U+F0461,nom,16,糸,,,,,
󰑣,U+F0463,nom,16,糸,,,,,
󰑦,U+F0466,nom,16,糸,,,,,
󰑹,U+F0479,nom,16,缶,,,,,
󰒁,U+F0481,nom,16,罒,,,,,
󰒈,U+F0488,nom,16,羽,,,,,
󰒏,U+F048F,nom,16,耒,,,,,
󰒻,U+F04BB,nom,16,肉,,,,,
󰒼,U+F04BC,nom,16,肉,,,,,
󰓙,U+F04D9,nom,16,艹,,,,,
󰓴,U+F04F4,nom,16,艹,,,,,
󰓵,U+F04F5,nom,16,艹,,,,,
󰔳,U+F0533,nom,16,衣,,,,,
󰔵,U+F0535,nom,16,衣,,,,,
󰕁,U+F0541,nom,16,角,,,,,
󰕃,U+F0543,nom,16,角,,,,,
󰕄,U+F0544,nom,16,角,,,,,
󰕅,U+F0545,nom,16,角,,,,,
󰕆,U+F0546,nom,16,角,,,,,
󰕖,U+F0556,nom,16,言,,,,,
󰕢,U+F0562,nom,16,貝,,,,,
󰖬,U+F05AC,nom,16,辵,,,,,
󰗔,U+F05D4,nom,16,金,,,,,
󰗠,U+F05E0,nom,16,金,,,,,
󰘄,U+F0604,nom,16,門,,,,,
󰘅,U+F0605,nom,16,門,,,,,
󰘌,U+F060C,nom,16,阜,,,,,
󰘟,U+F061F,nom,16,韋,,,,,
󰙋,U+F064B,nom,16,髟,,,,,
󰚓,U+F0693,nom,16,鳥,,,,,
󰚕,U+F0695,nom,16,鳥,,,,,
󰛖,U+F06D6,nom,16,鳥,,,,,
󰝊,U+F074A,nom,16,手,,,,,
󰯋,U+F0BCB,nom,16,鬼,,,,,
󰷪,U+F0DEA,nom,16,水,,,,,
󰸡,U+F0E21,nom,16,火,,,,,
󰼽,U+F0F3D,nom,16,糸,,,,,
󰾗,U+F0F97,nom,16,肉,,,,,
󰾽,U+F0FBD,nom,16,自,,,,,
󱀷,U+F1037,nom,16,衣,,,,,
󱂵,U+F10B5,nom,16,辵,,,,,
󱅠,U+F1160,nom,16,髟,,,,,
󱋭,U+F12ED,nom,16,口,,,,,
𰃀,U+300C0,nom,17,人,,,,,
𰈸,U+30238,nom,17,口,,,,,
𰈼,U+3023C,nom,17,口,,,,,
𱏯,U+313EF,nom,17,人,,,,,
𱑭,U+3146D,nom,17,彐,,,,,
𱕑,U+31551,nom,17,口,,,,,
𱚪,U+316AA,nom,17,小,,,,,
𱚫,U+316AB,nom,17,小,,,,,
𱡃,U+31843,nom,17,手,,,,,
𱢭,U+318AD,nom,17,日,,,,,
𱢯,U+318AF,nom,17,日,,,,,
𱢻,U+318BB,nom,17,月,,,,,
𱤡,U+31921,nom,17,木,,,,,
𱤤,U+31924,nom,17,木,,,,,
𱥘,U+31958,nom,17,殳,,,,,
𱴴,U+31D34,nom,17,石,,,,,
𱸣,U+31E23,nom,17,竹,,,,,
𲆁,U+32181,nom,17,辵,,,,,
󰀊,U+F000A,nom,17,一,,,,,
󰀺,U+F003A,nom,17,儿,,,,,
󰁱,U+F0071,nom,17,十,,,,,
󰃙,U+F00D9,nom,17,口,,,,,
󰃝,U+F00DD,nom,17,口,,,,,
󰃞,U+F00DE,nom,17,口,,,,,
󰃡,U+F00E1,nom,17,口,,,,,
󰄝,U+F011D,nom,17,夕,,,,,
󰇒,U+F01D2,nom,17,心,,,,,
󰇔,U+F01D4,nom,17,心,,,,,
󰇕,U+F01D5,nom,17,心,,,,,
󰈲,U+F0232,nom,17,手,,,,,
󰈶,U+F0236,nom,17,手,,,,,
󰈹,U+F0239,nom,17,手,,,,,
󰈺,U+F023A,nom,17,手,,,,,
󰈻,U+F023B,nom,17,手,,,,,
󰉬,U+F026C,nom,17,日,,,,,
󰉰,U+F0270,nom,17,日,,,,,
󰉱,U+F0271,nom,17,日,,,,,
󰉳,U+F0273,nom,17,日,,,,,
󰉵,U+F0275,nom,17,日,,,,,
󰊮,U+F02AE,nom,17,木,,,,,
󰊽,U+F02BD,nom,17,歹,,,,,
󰋄,U+F02C4,nom,17,毛,,,,,
󰋆,U+F02C6,nom,17,气,,,,,
󰋶,U+F02F6,nom,17,水,,,,,
󰋼,U+F02FC,nom,17,水,,,,,
󰌦,U+F0326,nom,17,火,,,,,
󰌧,U+F0327,nom,17,火,,,,,
󰌨,U+F0328,nom,17,火,,,,,
󰌼,U+F033C,nom,17,㸦,,,,,
󰍭,U+F036D,nom,17,瓦,,,,,
󰎉,U+F0389,nom,17,疒,,,,,
󰎗,U+F0397,nom,17,皮,,,,,
󰎱,U+F03B1,nom,17,目,,,,,
󰎳,U+F03B3,nom,17,目,,,,,
󰏑,U+F03D1,nom,17,石,,,,,
󰏒,U+F03D2,nom,17,石,,,,,
󰐓,U+F0413,nom,17,竹,,,,,
󰐙,U+F0419,nom,17,竹,,,,,
󰐚,U+F041A,nom,17,竹,,,,,
󰐜,U+F041C,nom,17,竹,,,,,
󰑧,U+F0467,nom,17,糸,,,,,
󰑩,U+F0469,nom,17,糸,,,,,
󰒐,U+F0490,nom,17,耒,,,,,
󰒽,U+F04BD,nom,17,肉,,,,,
󰓲,U+F04F2,nom,17,艹,,,,,
󰓶,U+F04F6,nom,17,艹,,,,,
󰓷,U+F04F7,nom,17,艹,,,,,
󰓺,U+F04FA,nom,17,艹,,,,,
󰔋,U+F050B,nom,17,虫,,,,,
󰔚,U+F051A,nom,17,虫,,,,,
󰕂,U+F0542,nom,17,角,,,,,
󰖃,U+F0583,nom,17,足,,,,,
󰖄,U+F0584,nom,17,足,,,,,
󰗥,U+F05E5,nom,17,金,,,,,
󰗧,U+F05E7,nom,17,金,,,,,
󰘆,U+F0606,nom,17,門,,,,,
󰘹,U+F0639,nom,17,食,,,,,
󰘺,U+F063A,nom,17,食,,,,,
󰙊,U+F064A,nom,17,髟,,,,,
󰚖,U+F0696,nom,17,鳥,,,,,
󰚘,U+F0698,nom,17,鳥,,,,,
󰚵,U+F06B5,nom,17,卤,,,,,
󰛍,U+F06CD,nom,17,竜,,,,,
󰛏,U+F06CF,nom,17,龜,,,,,
󰛑,U+F06D1,nom,17,手,,,,,
󰜦,U+F0726,nom,17,虫,,,,,
󰤬,U+F092C,nom,17,刀,,,,,
󰬖,U+F0B16,nom,17,口,,,,,
󰶮,U+F0DAE,nom,17,毛,,,,,
󰷭,U+F0DED,nom,17,水,,,,,
󰺢,U+F0EA2,nom,17,皿,,,,,
󰻲,U+F0EF2,nom,17,穴,,,,,
󰼃,U+F0F03,nom,17,竹,,,,,
󱇽,U+F11FD,nom,17,人,,,,,
𱑮,U+3146E,nom,18,厶,,,,,
𱕔,U+31554,nom,18,口,,,,,
𱕚,U+3155A,nom,18,口,,,,,
𱕜,U+3155C,nom,18,口,,,,,
𱘔,U+31614,nom,18,土,,,,,
𱝂,U+31742,nom,18,干,,,,,
𱡅,U+31845,nom,18,手,,,,,
𱢱,U+318B1,nom,18,日,,,,,
𱢷,U+318B7,nom,18,曰,,,,,
𱤪,U+3192A,nom,18,木,,,,,
𱳍,U+31CCD,nom,18,目,,,,,
𱹞,U+31E5E,nom,18,米,,,,,
𲇔,U+321D4,nom,18,金,,,,,
𲇜,U+321DC,nom,18,金,,,,,
𲌬,U+3232C,nom,18,鬼,,,,,
󰃖,U+F00D6,nom,18,口,,,,,
󰃨,U+F00E8,nom,18,口,,,,,
󰃩,U+F00E9,nom,18,口,,,,,
󰃪,U+F00EA,nom,18,口,,,,,
󰄏,U+F010F,nom,18,土,,,,,
󰄤,U+F0124,nom,18,大,,,,,
󰅏,U+F014F,nom,18,小,,,,,
󰅐,U+F0150,nom,18,小,,,,,
󰅗,U+F0157,nom,18,尸,,,,,
󰅰,U+F0170,nom,18,工,,,,,
󰆉,U+F0189,nom,18,乡,,,,,
󰇖,U+F01D6,nom,18,心,,,,,
󰇡,U+F01E1,nom,18,戈,,,,,
󰇣,U+F01E3,nom,18,户,,,,,
󰈸,U+F0238,nom,18,手,,,,,
󰈿,U+F023F,nom,18,手,,,,,
󰉭,U+F026D,nom,18,日,,,,,
󰉷,U+F0277,nom,18,日,,,,,
󰊁,U+F0281,nom,18,曰,,,,,
󰋿,U+F02FF,nom,18,水,,,,,
󰌪,U+F032A,nom,18,火,,,,,
󰌫,U+F032B,nom,18,火,,,,,
󰌭,U+F032D,nom,18,火,,,,,
󰍂,U+F0342,nom,18,牜,,,,,
󰍣,U+F0363,nom,18,瓜,,,,,
󰍤,U+F0364,nom,18,瓜,,,,,
󰍯,U+F036F,nom,18,瓦,,,,,
󰍰,U+F0370,nom,18,瓦,,,,,
󰎾,U+F03BE,nom,18,矢,,,,,
󰐝,U+F041D,nom,18,竹,,,,,
󰐲,U+F0432,nom,18,米,,,,,
󰑪,U+F046A,nom,18,糸,,,,,
󰓐,U+F04D0,nom,18,色,,,,,
󰔜,U+F051C,nom,18,虫,,,,,
󰖇,U+F0587,nom,18,足,,,,,
󰖯,U+F05AF,nom,18,辵,,,,,
󰖰,U+F05B0,nom,18,辵,,,,,
󰖲,U+F05B2,nom,18,辵,,,,,
󰗬,U+F05EC,nom,18,金,,,,,
󰗭,U+F05ED,nom,18,金,,,,,
󰘖,U+F0616,nom,18,雨,,,,,
󰙤,U+F0664,nom,18,魚,,,,,
󰙥,U+F0665,nom,18,魚,,,,,
󰙧,U+F0667,nom,18,魚,,,,,
󰙩,U+F0669,nom,18,魚,,,,,
󰙪,U+F066A,nom,18,魚,,,,,
󰚚,U+F069A,nom,18,鳥,,,,,
󰚛,U+F069B,nom,18,鳥,,,,,
󰚶,U+F06B6,nom,18,卤,,,,,
󰜠,U+F0720,nom,18,田,,,,,
󰞲,U+F07B2,nom,18,彳,,,,,
󰫶,U+F0AF6,nom,18,目,,,,,
󰬥,U+F0B25,nom,18,夕,,,,,
󰯓,U+F0BD3,nom,18,鬼,,,,,
󰷷,U+F0DF7,nom,18,水,,,,,
󰿼,U+F0FFC,nom,18,艹,,,,,
󱀿,U+F103F,nom,18,衣,,,,,
󱁎,U+F104E,nom,18,言,,,,,
󱃓,U+F10D3,nom,18,邑,,,,,
󱉲,U+F1272,nom,18,土,,,,,
󱋲,U+F12F2,nom,18,口,,,,,
𰔺,U+3053A,nom,19,手,,,,,
𰘾,U+3063E,nom,19,木,,,,,
𱏰,U+313F0,nom,19,儿,,,,,
𱑕,U+31455,nom,19,十,,,,,
𱘾,U+3163E,nom,19,大,,,,,
𱜜,U+3171C,nom,19,工,,,,,
𱟦,U+317E6,nom,19,户,,,,,
𱟧,U+317E7,nom,19,户,,,,,
𱡌,U+3184C,nom,19,手,,,,,
𱤰,U+31930,nom,19,木,,,,,
𱪁,U+31A81,nom,19,水,,,,,
𲄆,U+32106,nom,19,足,,,,,
𲈳,U+32233,nom,19,門,,,,,
𲋺,U+322FA,nom,19,馬,,,,,
󰀼,U+F003C,nom,19,儿,,,,,
󰃭,U+F00ED,nom,19,口,,,,,
󰃮,U+F00EE,nom,19,口,,,,,
󰃰,U+F00F0,nom,19,口,,,,,
󰄐,U+F0110,nom,19,土,,,,,
󰄑,U+F0111,nom,19,土,,,,,
󰄓,U+F0113,nom,19,土,,,,,
󰅢,U+F0162,nom,19,山,,,,,
󰅣,U+F0163,nom,19,山,,,,,
󰅤,U+F0164,nom,19,山,,,,,
󰅯,U+F016F,nom,19,工,,,,,
󰆅,U+F0185,nom,19,干,,,,,
󰆒,U+F0192,nom,19,广,,,,,
󰉃,U+F0243,nom,19,手,,,,,
󰉴,U+F0274,nom,19,日,,,,,
󰊳,U+F02B3,nom,19,木,,,,,
󰌁,U+F0301,nom,19,水,,,,,
󰌬,U+F032C,nom,19,火,,,,,
󰍛,U+F035B,nom,19,犬,,,,,
󰎋,U+F038B,nom,19,疒,,,,,
󰎌,U+F038C,nom,19,疒,,,,,
󰎛,U+F039B,nom,19,皿,,,,,
󰎵,U+F03B5,nom,19,目,,,,,
󰎶,U+F03B6,nom,19,目,,,,,
󰎿,U+F03BF,nom,19,矢,,,,,
󰏔,U+F03D4,nom,19,石,,,,,
󰏶,U+F03F6,nom,19,禾,,,,,
󰏽,U+F03FD,nom,19,穴,,,,,
󰐶,U+F0436,nom,19,米,,,,,
󰒅,U+F0485,nom,19,羊,,,,,
󰒉,U+F0489,nom,19,羽,,,,,
󰒝,U+F049D,nom,19,肀,,,,,
󰒾,U+F04BE,nom,19,肉,,,,,
󰒿,U+F04BF,nom,19,肉,,,,,
󰓼,U+F04FC,nom,19,艹,,,,,
󰔝,U+F051D,nom,19,虫,,,,,
󰔟,U+F051F,nom,19,虫,,,,,
󰕬,U+F056C,nom,19,赤,,,,,
󰕭,U+F056D,nom,19,赤,,,,,
󰕮,U+F056E,nom,19,赤,,,,,
󰕯,U+F056F,nom,19,赤,,,,,
󰕰,U+F0570,nom,19,走,,,,,
󰖉,U+F0589,nom,19,足,,,,,
󰖏,U+F058F,nom,19,足,,,,,
󰖱,U+F05B1,nom,19,辵,,,,,
󰗮,U+F05EE,nom,19,金,,,,,
󰘦,U+F0626,nom,19,頁,,,,,
󰘮,U+F062E,nom,19,風,,,,,
󰙌,U+F064C,nom,19,髟,,,,,
󰙔,U+F0654,nom,19,鬼,,,,,
󰙫,U+F066B,nom,19,魚,,,,,
󰙴,U+F0674,nom,19,魚,,,,,
󰚜,U+F069C,nom,19,鳥,,,,,
󰚻,U+F06BB,nom,19,麥,,,,,
󰻖,U+F0ED6,nom,19,石,,,,,
󰾱,U+F0FB1,nom,19,肉,,,,,
󱃙,U+F10D9,nom,19,酉,,,,,
󱄉,U+F1109,nom,19,雨,,,,,
𰫕,U+30AD5,nom,20,米,,,,,
𱐨,U+31428,nom,20,刀,,,,,
𱤲,U+31932,nom,20,木,,,,,
𱶬,U+31DAC,nom,20,禾,,,,,
𲀍,U+3200D,nom,20,虫,,,,,
𲇣,U+321E3,nom,20,金,,,,,
𲇤,U+321E4,nom,20,金,,,,,
𲌼,U+3233C,nom,20,魚,,,,,
𲎚,U+3239A,nom,20,鼔,,,,,
󰀸,U+F0038,nom,20,人,,,,,
󰊵,U+F02B5,nom,20,木,,,,,
󰋾,U+F02FE,nom,20,水,,,,,
󰌮,U+F032E,nom,20,火,,,,,
󰍴,U+F0374,nom,20,生,,,,,
󰎍,U+F038D,nom,20,疒,,,,,
󰎎,U+F038E,nom,20,疒,,,,,
󰎖,U+F0396,nom,20,白,,,,,
󰎸,U+F03B8,nom,20,目,,,,,
󰏾,U+F03FE,nom,20,穴,,,,,
󰐛,U+F041B,nom,20,竹,,,,,
󰐠,U+F0420,nom,20,竹,,,,,
󰑻,U+F047B,nom,20,缶,,,,,
󰓁,U+F04C1,nom,20,肉,,,,,
󰓂,U+F04C2,nom,20,肉,,,,,
󰓃,U+F04C3,nom,20,肉,,,,,
󰓇,U+F04C7,nom,20,肉,,,,,
󰔪,U+F052A,nom,20,行,,,,,
󰔹,U+F0539,nom,20,衣,,,,,
󰖊,U+F058A,nom,20,足,,,,,
󰖍,U+F058D,nom,20,足,,,,,
󰖐,U+F0590,nom,20,足,,,,,
󰖻,U+F05BB,nom,20,酉,,,,,
󰗳,U+F05F3,nom,20,金,,,,,
󰗴,U+F05F4,nom,20,金,,,,,
󰗼,U+F05FC,nom,20,長,,,,,
󰘎,U+F060E,nom,20,阜,,,,,
󰙈,U+F0648,nom,20,骨,,,,,
󰙬,U+F066C,nom,20,魚,,,,,
󰙱,U+F0671,nom,20,魚,,,,,
󰙲,U+F0672,nom,20,魚,,,,,
󰚞,U+F069E,nom,20,鳥,,,,,
󰚠,U+F06A0,nom,20,鳥,,,,,
󰚩,U+F06A9,nom,20,鳥,,,,,
󰚸,U+F06B8,nom,20,卤,,,,,
󰛋,U+F06CB,nom,20,齿,,,,,
󰣆,U+F08C6,nom,20,里,,,,,
󰬴,U+F0B34,nom,20,尸,,,,,
󰷿,U+F0DFF,nom,20,水,,,,,
󰽎,U+F0F4E,nom,20,糸,,,,,
󱅇,U+F1147,nom,20,首,,,,,
󱆄,U+F1184,nom,20,鼔,,,,,
󱉭,U+F126D,nom,20,十,,,,,
𱕫,U+3156B,nom,21,口,,,,,
𱼥,U+31F25,nom,21,肉,,,,,
𲄋,U+3210B,nom,21,足,,,,,
𲄌,U+3210C,nom,21,足,,,,,
𲉯,U+3226F,nom,21,隹,,,,,
𲋒,U+322D2,nom,21,飛,,,,,
𲌀,U+32300,nom,21,馬,,,,,
󰃳,U+F00F3,nom,21,口,,,,,
󰄔,U+F0114,nom,21,土,,,,,
󰅁,U+F0141,nom,21,寸,,,,,
󰅷,U+F0177,nom,21,己,,,,,
󰇙,U+F01D9,nom,21,心,,,,,
󰉅,U+F0245,nom,21,手,,,,,
󰉆,U+F0246,nom,21,手,,,,,
󰉔,U+F0254,nom,21,方,,,,,
󰌃,U+F0303,nom,21,水,,,,,
󰌰,U+F0330,nom,21,火,,,,,
󰎹,U+F03B9,nom,21,目,,,,,
󰎺,U+F03BA,nom,21,目,,,,,
󰏖,U+F03D6,nom,21,麻,,,,,
󰐣,U+F0423,nom,21,竹,,,,,
󰓅,U+F04C5,nom,21,肉,,,,,
󰓑,U+F04D1,nom,21,色,,,,,
󰔢,U+F0522,nom,21,虫,,,,,
󰔣,U+F0523,nom,21,虫,,,,,
󰔤,U+F0524,nom,21,虫,,,,,
󰔩,U+F0529,nom,21,血,,,,,
󰕲,U+F0572,nom,21,走,,,,,
󰗱,U+F05F1,nom,21,金,,,,,
󰗶,U+F05F6,nom,21,金,,,,,
󰗹,U+F05F9,nom,21,金,,,,,
󰘏,U+F060F,nom,21,阜,,,,,
󰘱,U+F0631,nom,21,飛,,,,,
󰘽,U+F063D,nom,21,食,,,,,
󰙎,U+F064E,nom,21,髟,,,,,
󰙖,U+F0656,nom,21,鬼,,,,,
󰙵,U+F0675,nom,21,魚,,,,,
󰙷,U+F0677,nom,21,魚,,,,,
󰙸,U+F0678,nom,21,魚,,,,,
󰙻,U+F067B,nom,21,魚,,,,,
󰙼,U+F067C,nom,21,魚,,,,,
󰚣,U+F06A3,nom,21,鳥,,,,,
󰚺,U+F06BA,nom,21,鹿,,,,,
󰚽,U+F06BD,nom,21,黑,,,,,
󰛒,U+F06D2,nom,21,鳥,,,,,
󰮁,U+F0B81,nom,21,水,,,,,
󰷻,U+F0DFB,nom,21,水,,,,,
󰽨,U+F0F68,nom,21,羊,,,,,
󱃎,U+F10CE,nom,21,辵,,,,,
𱙀,U+31640,nom,22,大,,,,,
𱸰,U+31E30,nom,22,竹,,,,,
𱻥,U+31EE5,nom,22,羽,,,,,
𱿂,U+31FC2,nom,22,艹,,,,,
𱿆,U+31FC6,nom,22,艸,,,,,
𲄎,U+3210E,nom,22,足,,,,,
𲋊,U+322CA,nom,22,風,,,,,
𲌽,U+3233D,nom,22,魚,,,,,
󰃱,U+F00F1,nom,22,口,,,,,
󰃴,U+F00F4,nom,22,口,,,,,
󰉹,U+F0279,nom,22,日,,,,,
󰉺,U+F027A,nom,22,日,,,,,
󰊅,U+F0285,nom,22,月,,,,,
󰊶,U+F02B6,nom,22,木,,,,,
󰊷,U+F02B7,nom,22,木,,,,,
󰑯,U+F046F,nom,22,糸,,,,,
󰓋,U+F04CB,nom,22,舟,,,,,
󰔞,U+F051E,nom,22,虫,,,,,
󰕙,U+F0559,nom,22,言,,,,,
󰕱,U+F0571,nom,22,走,,,,,
󰖑,U+F0591,nom,22,足,,,,,
󰖓,U+F0593,nom,22,足,,,,,
󰖕,U+F0595,nom,22,足,,,,,
󰖗,U+F0597,nom,22,足,,,,,
󰙏,U+F064F,nom,22,髟,,,,,
󰙿,U+F067F,nom,22,魚,,,,,
󰚀,U+F0680,nom,22,魚,,,,,
󰚁,U+F0681,nom,22,魚,,,,,
󰚡,U+F06A1,nom,22,鳥,,,,,
󰚨,U+F06A8,nom,22,鳥,,,,,
󰛓,U+F06D3,nom,22,鳥,,,,,
󰛘,U+F06D8,nom,22,竹,,,,,
󰩻,U+F0A7B,nom,22,矢,,,,,
󰸂,U+F0E02,nom,22,水,,,,,
󰾵,U+F0FB5,nom,22,肉,,,,,
󱅤,U+F1164,nom,22,髟,,,,,
󱋵,U+F12F5,nom,22,口,,,,,
𱳚,U+31CDA,nom,23,目,,,,,
𱶭,U+31DAD,nom,23,禾,,,,,
𱿈,U+31FC8,nom,23,艹,,,,,
𲂷,U+320B7,nom,23,貝,,,,,
𲊠,U+322A0,nom,23,革,,,,,
𲌔,U+32314,nom,23,骨,,,,,
𲎣,U+323A3,nom,23,齒,,,,,
󰎻,U+F03BB,nom,23,目,,,,,
󰐹,U+F0439,nom,23,米,,,,,
󰑱,U+F0471,nom,23,糸,,,,,
󰗸,U+F05F8,nom,23,金,,,,,
󰘘,U+F0618,nom,23,青,,,,,
󰚫,U+F06AB,nom,23,鳥,,,,,
󰚭,U+F06AD,nom,23,鳥,,,,,
󰶤,U+F0DA4,nom,23,殳,,,,,
󱂒,U+F1092,nom,23,車,,,,,
󱄎,U+F110E,nom,23,雨,,,,,
𱕷,U+31577,nom,24,口,,,,,
𱜝,U+3171D,nom,24,工,,,,,
𱢽,U+318BD,nom,24,月,,,,,
𱲢,U+31CA2,nom,24,皿,,,,,
𲄱,U+32131,nom,24,身,,,,,
󰇚,U+F01DA,nom,24,心,,,,,
󰊸,U+F02B8,nom,24,木,,,,,
󰎐,U+F0390,nom,24,疒,,,,,
󰐤,U+F0424,nom,24,竹,,,,,
󰐥,U+F0425,nom,24,竹,,,,,
󰔥,U+F0525,nom,24,虫,,,,,
󰗺,U+F05FA,nom,24,金,,,,,
󰘞,U+F061E,nom,24,革,,,,,
󰘠,U+F0620,nom,24,韋,,,,,
󰘿,U+F063F,nom,24,首,,,,,
󰚄,U+F0684,nom,24,魚,,,,,
󰚅,U+F0685,nom,24,魚,,,,,
󰚆,U+F0686,nom,24,魚,,,,,
󱀤,U+F1024,nom,24,虫,,,,,
󰍝,U+F035D,nom,25,犬,,,,,
󰎑,U+F0391,nom,25,疒,,,,,
󰔦,U+F0526,nom,25,虫,,,,,
󰚰,U+F06B0,nom,25,鳥,,,,,
𱟚,U+317DA,nom,26,心,,,,,
𱿌,U+31FCC,nom,26,艹,,,,,
󰌆,U+F0306,nom,26,水,,,,,
󰎝,U+F039D,nom,26,皿,,,,,
󰕈,U+F0548,nom,26,角,,,,,
󰚱,U+F06B1,nom,26,鳥,,,,,
󰚿,U+F06BF,nom,26,黑,,,,,
󱀦,U+F1026,nom,26,虫,,,,,
󰃷,U+F00F7,nom,27,口,,,,,
󰙑,U+F0651,nom,27,髟,,,,,
󰚇,U+F0687,nom,27,魚,,,,,
󰚈,U+F0688,nom,27,魚,,,,,
󰄦,U+F0126,nom,28,大,,,,,
󰒚,U+F049A,nom,28,耳,,,,,
󰚲,U+F06B2,nom,29,鳥,,,,,
󰡼,U+F087C,nom,31,雨,,,,,
󰜥,U+F0725,nom,32,尸,,,,,
󰚳,U+F06B3,nom,34,鳥,,,,,
𫜹,U+2B739,both,3,彐,,,,,
囗,U+56D7,both,3,囗,,,,,
夂,U+5902,both,3,夂,,,,,
夊,U+590A,both,3,夂,,,,,
孓,U+5B53,both,3,子,,,,,
宀,U+5B80,both,3,宀,,,,,
尢,U+5C22,both,3,尢,,,,,
尸,U+5C38,both,3,尸,,,,,
广,U+5E7F,both,3,广,,,,,
彐,U+5F50,both,3,彐,,,,,
彑,U+5F51,both,3,彐,,,,,
彡,U+5F61,both,3,彡,,,,,
彳,U+5F73,both,3,彳,,,,,
飞,U+98DE,both,3,飞,,,,,
𲋄,U+322C4,both,4,𲋄,,,,,
丏,U+4E0F,both,4,一,,,,,
攵,U+6535,both,4,攵,,,,,
爪,U+722A,both,4,爫,,,,,
爿,U+723F,both,4,爿,,,,,
丱,U+4E31,both,5,丨,,,,,
册,U+518C,both,5,冂,,,,,
卌,U+534C,both,5,十,,,,,
戉,U+6209,both,5,戈,,,,,
疋,U+758B,both,5,疋,,,,,
疒,U+7592,both,5,疒,,,,,
皿,U+76BF,both,5,皿,,,,,
罒,U+7F52,both,5,罒,,,,,
缶,U+7F36,both,6,缶,,,,,
襾,U+897E,both,6,覀,,,,,
隶,U+96B6,both,8,隶,,,,,
隹,U+96B9,both,8,隹,,,,,
𱑏,U+3144F,both,11,十,,,,,
󰔄,U+F0504,both,13,虍,,,,,
黽,U+9EFD,both,13,黽,,,,,
𱀠,U+31020,both,14,彐,,,,,
󰏲,U+F03F2,both,15,禾,,,,,
󱃧,U+F10E7,both,18,金,,,,,
󰛌,U+F06CC,both,28,龍,,,,,
